"CRUISE6","STATION","STRATUM","TOW","AVGDEPTH","BEGLAT","BEGLON","ENDLAT","ENDLON","SPECIES","ACTION_NAME","VALUE","ORGANISM_ID"
"202204","0247","01160","010",67,4154.88,6646.15,4153.88,6646.04,"Ammodytes dubius (northern sand lance)","Llopiz Request - GB","Freeze for Llopiz at -80",135306
"202204","0247","01160","010",67,4154.88,6646.15,4153.88,6646.04,"Ammodytes dubius (northern sand lance)","Llopiz Request - GB","Freeze for Llopiz at -80",135305
"202204","0238","01220","001",180,4201.52,6748.37,4202.49,6748.29,"Ammodytes dubius (northern sand lance)","Llopiz Request - GB","Freeze for Llopiz at -80",128982
"202204","0254","01160","009",86,4156.21,6621.49,4157.09,6620.99,"Ammodytes dubius (northern sand lance)","Llopiz Request - GB","Freeze for Llopiz at -80",139212
"202204","0244","01220","003",203,4212.83,6703.78,4213.02,6705.09,"Clupea harengus (Atlantic herring)","Llopiz Request - GB","Freeze for Llopiz at -80",133146
"202204","0238","01220","001",180,4201.52,6748.37,4202.49,6748.29,"Clupea harengus (Atlantic herring)","Llopiz Request - GB","Freeze for Llopiz at -80",128250
"202204","0229","01230","005",92,4116.19,6914.51,4115.34,6913.88,"Clupea harengus (Atlantic herring)","Llopiz Request - GB","Freeze for Llopiz at -80",121674
"202204","0229","01230","005",92,4116.19,6914.51,4115.34,6913.88,"Clupea harengus (Atlantic herring)","Llopiz Request - GB","Freeze for Llopiz at -80",121702
"202204","0228","01230","007",90,4115.07,6914,4114.63,6913.72,"Clupea harengus (Atlantic herring)","Llopiz Request - GB","Freeze for Llopiz at -80",121200
"202204","0230","01250","002",47,4113.24,6924.66,4114.17,6924.84,"Clupea harengus (Atlantic herring)","Llopiz Request - GB","Freeze for Llopiz at -80",122652
"202204","0238","01220","001",180,4201.52,6748.37,4202.49,6748.29,"Clupea harengus (Atlantic herring)","Llopiz Request - GB","Freeze for Llopiz at -80",128234
"202204","0238","01220","001",180,4201.52,6748.37,4202.49,6748.29,"Clupea harengus (Atlantic herring)","Llopiz Request - GB","Freeze for Llopiz at -80",128240
"202204","0244","01220","003",203,4212.83,6703.78,4213.02,6705.09,"Clupea harengus (Atlantic herring)","Llopiz Request - GB","Freeze for Llopiz at -80",133108
"202204","0239","01220","002",186,4208.94,6737.61,4209.88,6737.79,"Clupea harengus (Atlantic herring)","Llopiz Request - GB","Freeze for Llopiz at -80",129020
"202204","0239","01220","002",186,4208.94,6737.61,4209.88,6737.79,"Clupea harengus (Atlantic herring)","Llopiz Request - GB","Freeze for Llopiz at -80",129019
"202204","0239","01220","002",186,4208.94,6737.61,4209.88,6737.79,"Clupea harengus (Atlantic herring)","Llopiz Request - GB","Freeze for Llopiz at -80",129016
"202204","0244","01220","003",203,4212.83,6703.78,4213.02,6705.09,"Clupea harengus (Atlantic herring)","Llopiz Request - GB","Freeze for Llopiz at -80",133152
"202204","0168","01010","001",38,4001.01,7342.06,4000.29,7343,"Peprilus triacanthus (butterfish)","Llopiz Request - SNE","Freeze for Llopiz at -80",81201
"202204","0168","01010","001",38,4001.01,7342.06,4000.29,7343,"Peprilus triacanthus (butterfish)","Llopiz Request - SNE","Freeze for Llopiz at -80",81211
"202204","0168","01010","001",38,4001.01,7342.06,4000.29,7343,"Peprilus triacanthus (butterfish)","Llopiz Request - SNE","Freeze for Llopiz at -80",81228
"202204","0168","01010","001",38,4001.01,7342.06,4000.29,7343,"Peprilus triacanthus (butterfish)","Llopiz Request - SNE","Freeze for Llopiz at -80",81237
"202204","0168","01010","001",38,4001.01,7342.06,4000.29,7343,"Peprilus triacanthus (butterfish)","Llopiz Request - SNE","Freeze for Llopiz at -80",81249
"202204","0166","01010","005",43,3958.77,7330.21,3957.82,7330.67,"Peprilus triacanthus (butterfish)","Llopiz Request - SNE","Freeze for Llopiz at -80",79622
"202204","0166","01010","005",43,3958.77,7330.21,3957.82,7330.67,"Peprilus triacanthus (butterfish)","Llopiz Request - SNE","Freeze for Llopiz at -80",79625
"202204","0166","01010","005",43,3958.77,7330.21,3957.82,7330.67,"Peprilus triacanthus (butterfish)","Llopiz Request - SNE","Freeze for Llopiz at -80",79629
"202204","0166","01010","005",43,3958.77,7330.21,3957.82,7330.67,"Peprilus triacanthus (butterfish)","Llopiz Request - SNE","Freeze for Llopiz at -80",79633
"202204","0166","01010","005",43,3958.77,7330.21,3957.82,7330.67,"Peprilus triacanthus (butterfish)","Llopiz Request - SNE","Freeze for Llopiz at -80",79636
"202204","0123","01010","007",44,3947.73,7319.18,3948.44,7320.08,"Peprilus triacanthus (butterfish)","Llopiz Request - SNE","Freeze for Llopiz at -80",50408
"202204","0123","01010","007",44,3947.73,7319.18,3948.44,7320.08,"Peprilus triacanthus (butterfish)","Llopiz Request - SNE","Freeze for Llopiz at -80",50433
"202204","0123","01010","007",44,3947.73,7319.18,3948.44,7320.08,"Peprilus triacanthus (butterfish)","Llopiz Request - SNE","Freeze for Llopiz at -80",50435
"202204","0123","01010","007",44,3947.73,7319.18,3948.44,7320.08,"Peprilus triacanthus (butterfish)","Llopiz Request - SNE","Freeze for Llopiz at -80",50437
"202204","0123","01010","007",44,3947.73,7319.18,3948.44,7320.08,"Peprilus triacanthus (butterfish)","Llopiz Request - SNE","Freeze for Llopiz at -80",50440
"202204","0165","01020","001",79,3942.31,7232.63,3941.68,7233.58,"Peprilus triacanthus (butterfish)","Llopiz Request - SNE","Freeze for Llopiz at -80",79213
"202204","0165","01020","001",79,3942.31,7232.63,3941.68,7233.58,"Peprilus triacanthus (butterfish)","Llopiz Request - SNE","Freeze for Llopiz at -80",79226
"202204","0165","01020","001",79,3942.31,7232.63,3941.68,7233.58,"Peprilus triacanthus (butterfish)","Llopiz Request - SNE","Freeze for Llopiz at -80",79229
"202204","0165","01020","001",79,3942.31,7232.63,3941.68,7233.58,"Peprilus triacanthus (butterfish)","Llopiz Request - SNE","Freeze for Llopiz at -80",79231
"202204","0165","01020","001",79,3942.31,7232.63,3941.68,7233.58,"Peprilus triacanthus (butterfish)","Llopiz Request - SNE","Freeze for Llopiz at -80",79237
"202204","0120","01020","002",107,3921.15,7240.98,3920.4,7241.73,"Peprilus triacanthus (butterfish)","Llopiz Request - SNE","Freeze for Llopiz at -80",49076
"202204","0120","01020","002",107,3921.15,7240.98,3920.4,7241.73,"Peprilus triacanthus (butterfish)","Llopiz Request - SNE","Freeze for Llopiz at -80",49082
"202204","0120","01020","002",107,3921.15,7240.98,3920.4,7241.73,"Peprilus triacanthus (butterfish)","Llopiz Request - SNE","Freeze for Llopiz at -80",49083
"202204","0120","01020","002",107,3921.15,7240.98,3920.4,7241.73,"Peprilus triacanthus (butterfish)","Llopiz Request - SNE","Freeze for Llopiz at -80",49086
"202204","0120","01020","002",107,3921.15,7240.98,3920.4,7241.73,"Peprilus triacanthus (butterfish)","Llopiz Request - SNE","Freeze for Llopiz at -80",49090
"202204","0122","01020","003",58,3952.92,7308.58,3953.66,7309.4,"Peprilus triacanthus (butterfish)","Llopiz Request - SNE","Freeze for Llopiz at -80",49723
"202204","0122","01020","003",58,3952.92,7308.58,3953.66,7309.4,"Peprilus triacanthus (butterfish)","Llopiz Request - SNE","Freeze for Llopiz at -80",49759
"202204","0122","01020","003",58,3952.92,7308.58,3953.66,7309.4,"Peprilus triacanthus (butterfish)","Llopiz Request - SNE","Freeze for Llopiz at -80",49763
"202204","0122","01020","003",58,3952.92,7308.58,3953.66,7309.4,"Peprilus triacanthus (butterfish)","Llopiz Request - SNE","Freeze for Llopiz at -80",49766
"202204","0122","01020","003",58,3952.92,7308.58,3953.66,7309.4,"Peprilus triacanthus (butterfish)","Llopiz Request - SNE","Freeze for Llopiz at -80",49810
"202204","0122","01020","003",58,3952.92,7308.58,3953.66,7309.4,"Peprilus triacanthus (butterfish)","Llopiz Request - SNE","Freeze for Llopiz at -80",50152
"202204","0122","01020","003",58,3952.92,7308.58,3953.66,7309.4,"Peprilus triacanthus (butterfish)","Llopiz Request - SNE","Freeze for Llopiz at -80",50154
"202204","0173","01020","004",58,4028.04,7217,4028.1,7218.28,"Peprilus triacanthus (butterfish)","Llopiz Request - SNE","Freeze for Llopiz at -80",84052
"202204","0173","01020","004",58,4028.04,7217,4028.1,7218.28,"Peprilus triacanthus (butterfish)","Llopiz Request - SNE","Freeze for Llopiz at -80",84053
"202204","0173","01020","004",58,4028.04,7217,4028.1,7218.28,"Peprilus triacanthus (butterfish)","Llopiz Request - SNE","Freeze for Llopiz at -80",84055
"202204","0173","01020","004",58,4028.04,7217,4028.1,7218.28,"Peprilus triacanthus (butterfish)","Llopiz Request - SNE","Freeze for Llopiz at -80",84056
"202204","0173","01020","004",58,4028.04,7217,4028.1,7218.28,"Peprilus triacanthus (butterfish)","Llopiz Request - SNE","Freeze for Llopiz at -80",84057
"202204","0172","01020","005",61,4014.37,7227.99,4014.46,7229.23,"Peprilus triacanthus (butterfish)","Llopiz Request - SNE","Freeze for Llopiz at -80",83458
"202204","0172","01020","005",61,4014.37,7227.99,4014.46,7229.23,"Peprilus triacanthus (butterfish)","Llopiz Request - SNE","Freeze for Llopiz at -80",83462
"202204","0172","01020","005",61,4014.37,7227.99,4014.46,7229.23,"Peprilus triacanthus (butterfish)","Llopiz Request - SNE","Freeze for Llopiz at -80",83465
"202204","0172","01020","005",61,4014.37,7227.99,4014.46,7229.23,"Peprilus triacanthus (butterfish)","Llopiz Request - SNE","Freeze for Llopiz at -80",83467
"202204","0172","01020","005",61,4014.37,7227.99,4014.46,7229.23,"Peprilus triacanthus (butterfish)","Llopiz Request - SNE","Freeze for Llopiz at -80",83468
"202204","0162","01020","006",75,4005.31,7213.89,4005.27,7215.22,"Peprilus triacanthus (butterfish)","Llopiz Request - SNE","Freeze for Llopiz at -80",77693
"202204","0162","01020","006",75,4005.31,7213.89,4005.27,7215.22,"Peprilus triacanthus (butterfish)","Llopiz Request - SNE","Freeze for Llopiz at -80",77695
"202204","0162","01020","006",75,4005.31,7213.89,4005.27,7215.22,"Peprilus triacanthus (butterfish)","Llopiz Request - SNE","Freeze for Llopiz at -80",77696
"202204","0162","01020","006",75,4005.31,7213.89,4005.27,7215.22,"Peprilus triacanthus (butterfish)","Llopiz Request - SNE","Freeze for Llopiz at -80",77703
"202204","0162","01020","006",75,4005.31,7213.89,4005.27,7215.22,"Peprilus triacanthus (butterfish)","Llopiz Request - SNE","Freeze for Llopiz at -80",77717
"202204","0121","01020","008",77,3923.28,7247.52,3922.52,7248.36,"Peprilus triacanthus (butterfish)","Llopiz Request - SNE","Freeze for Llopiz at -80",49411
"202204","0121","01020","008",77,3923.28,7247.52,3922.52,7248.36,"Peprilus triacanthus (butterfish)","Llopiz Request - SNE","Freeze for Llopiz at -80",49418
"202204","0121","01020","008",77,3923.28,7247.52,3922.52,7248.36,"Peprilus triacanthus (butterfish)","Llopiz Request - SNE","Freeze for Llopiz at -80",49421
"202204","0121","01020","008",77,3923.28,7247.52,3922.52,7248.36,"Peprilus triacanthus (butterfish)","Llopiz Request - SNE","Freeze for Llopiz at -80",49424
"202204","0121","01020","008",77,3923.28,7247.52,3922.52,7248.36,"Peprilus triacanthus (butterfish)","Llopiz Request - SNE","Freeze for Llopiz at -80",49413
"202204","0119","01030","001",126,3923.3,7232.81,3922.56,7233.66,"Peprilus triacanthus (butterfish)","Llopiz Request - SNE","Freeze for Llopiz at -80",48780
"202204","0119","01030","001",126,3923.3,7232.81,3922.56,7233.66,"Peprilus triacanthus (butterfish)","Llopiz Request - SNE","Freeze for Llopiz at -80",48782
"202204","0119","01030","001",126,3923.3,7232.81,3922.56,7233.66,"Peprilus triacanthus (butterfish)","Llopiz Request - SNE","Freeze for Llopiz at -80",48783
"202204","0119","01030","001",126,3923.3,7232.81,3922.56,7233.66,"Peprilus triacanthus (butterfish)","Llopiz Request - SNE","Freeze for Llopiz at -80",48786
"202204","0119","01030","001",126,3923.3,7232.81,3922.56,7233.66,"Peprilus triacanthus (butterfish)","Llopiz Request - SNE","Freeze for Llopiz at -80",48788
"202204","0117","01030","002",136,3911.89,7239.5,3911.01,7240.13,"Peprilus triacanthus (butterfish)","Llopiz Request - SNE","Freeze for Llopiz at -80",47538
"202204","0117","01030","002",136,3911.89,7239.5,3911.01,7240.13,"Peprilus triacanthus (butterfish)","Llopiz Request - SNE","Freeze for Llopiz at -80",47548
"202204","0117","01030","002",136,3911.89,7239.5,3911.01,7240.13,"Peprilus triacanthus (butterfish)","Llopiz Request - SNE","Freeze for Llopiz at -80",47553
"202204","0117","01030","002",136,3911.89,7239.5,3911.01,7240.13,"Peprilus triacanthus (butterfish)","Llopiz Request - SNE","Freeze for Llopiz at -80",47558
"202204","0117","01030","002",136,3911.89,7239.5,3911.01,7240.13,"Peprilus triacanthus (butterfish)","Llopiz Request - SNE","Freeze for Llopiz at -80",47565
"202204","0118","01030","004",121,3918.68,7238.7,3918.14,7239.79,"Peprilus triacanthus (butterfish)","Llopiz Request - SNE","Freeze for Llopiz at -80",48258
"202204","0118","01030","004",121,3918.68,7238.7,3918.14,7239.79,"Peprilus triacanthus (butterfish)","Llopiz Request - SNE","Freeze for Llopiz at -80",48269
"202204","0118","01030","004",121,3918.68,7238.7,3918.14,7239.79,"Peprilus triacanthus (butterfish)","Llopiz Request - SNE","Freeze for Llopiz at -80",48272
"202204","0118","01030","004",121,3918.68,7238.7,3918.14,7239.79,"Peprilus triacanthus (butterfish)","Llopiz Request - SNE","Freeze for Llopiz at -80",48277
"202204","0118","01030","004",121,3918.68,7238.7,3918.14,7239.79,"Peprilus triacanthus (butterfish)","Llopiz Request - SNE","Freeze for Llopiz at -80",48279
"202204","0163","01040","001",193,3950.56,7148.57,3949.93,7149.53,"Peprilus triacanthus (butterfish)","Llopiz Request - SNE","Freeze for Llopiz at -80",78108
"202204","0163","01040","001",193,3950.56,7148.57,3949.93,7149.53,"Peprilus triacanthus (butterfish)","Llopiz Request - SNE","Freeze for Llopiz at -80",78115
"202204","0163","01040","001",193,3950.56,7148.57,3949.93,7149.53,"Peprilus triacanthus (butterfish)","Llopiz Request - SNE","Freeze for Llopiz at -80",78117
"202204","0163","01040","001",193,3950.56,7148.57,3949.93,7149.53,"Peprilus triacanthus (butterfish)","Llopiz Request - SNE","Freeze for Llopiz at -80",78120
"202204","0163","01040","001",193,3950.56,7148.57,3949.93,7149.53,"Peprilus triacanthus (butterfish)","Llopiz Request - SNE","Freeze for Llopiz at -80",78121
"202204","0183","01050","002",46,4056.98,7139.77,4057.2,7141.02,"Peprilus triacanthus (butterfish)","Llopiz Request - SNE","Freeze for Llopiz at -80",92078
"202204","0183","01050","002",46,4056.98,7139.77,4057.2,7141.02,"Peprilus triacanthus (butterfish)","Llopiz Request - SNE","Freeze for Llopiz at -80",92086
"202204","0183","01050","002",46,4056.98,7139.77,4057.2,7141.02,"Peprilus triacanthus (butterfish)","Llopiz Request - SNE","Freeze for Llopiz at -80",92089
"202204","0183","01050","002",46,4056.98,7139.77,4057.2,7141.02,"Peprilus triacanthus (butterfish)","Llopiz Request - SNE","Freeze for Llopiz at -80",92093
"202204","0183","01050","002",46,4056.98,7139.77,4057.2,7141.02,"Peprilus triacanthus (butterfish)","Llopiz Request - SNE","Freeze for Llopiz at -80",92096
"202204","0126","01050","003",36,4044.47,7223.97,4045.38,7224.48,"Peprilus triacanthus (butterfish)","Llopiz Request - SNE","Freeze for Llopiz at -80",51942
"202204","0126","01050","003",36,4044.47,7223.97,4045.38,7224.48,"Peprilus triacanthus (butterfish)","Llopiz Request - SNE","Freeze for Llopiz at -80",51951
"202204","0126","01050","003",36,4044.47,7223.97,4045.38,7224.48,"Peprilus triacanthus (butterfish)","Llopiz Request - SNE","Freeze for Llopiz at -80",51954
"202204","0126","01050","003",36,4044.47,7223.97,4045.38,7224.48,"Peprilus triacanthus (butterfish)","Llopiz Request - SNE","Freeze for Llopiz at -80",51958
"202204","0126","01050","003",36,4044.47,7223.97,4045.38,7224.48,"Peprilus triacanthus (butterfish)","Llopiz Request - SNE","Freeze for Llopiz at -80",51961
"202204","0126","01050","003",36,4044.47,7223.97,4045.38,7224.48,"Peprilus triacanthus (butterfish)","Llopiz Request - SNE","Freeze for Llopiz at -80",51983
"202204","0126","01050","003",36,4044.47,7223.97,4045.38,7224.48,"Peprilus triacanthus (butterfish)","Llopiz Request - SNE","Freeze for Llopiz at -80",51984
"202204","0126","01050","003",36,4044.47,7223.97,4045.38,7224.48,"Peprilus triacanthus (butterfish)","Llopiz Request - SNE","Freeze for Llopiz at -80",51988
"202204","0126","01050","003",36,4044.47,7223.97,4045.38,7224.48,"Peprilus triacanthus (butterfish)","Llopiz Request - SNE","Freeze for Llopiz at -80",51989
"202204","0126","01050","003",36,4044.47,7223.97,4045.38,7224.48,"Peprilus triacanthus (butterfish)","Llopiz Request - SNE","Freeze for Llopiz at -80",51994
"202204","0185","01050","004",52,4058.23,7104.92,4057.91,7106.16,"Peprilus triacanthus (butterfish)","Llopiz Request - SNE","Freeze for Llopiz at -80",93516
"202204","0185","01050","004",52,4058.23,7104.92,4057.91,7106.16,"Peprilus triacanthus (butterfish)","Llopiz Request - SNE","Freeze for Llopiz at -80",93553
"202204","0185","01050","004",52,4058.23,7104.92,4057.91,7106.16,"Peprilus triacanthus (butterfish)","Llopiz Request - SNE","Freeze for Llopiz at -80",93554
"202204","0185","01050","004",52,4058.23,7104.92,4057.91,7106.16,"Peprilus triacanthus (butterfish)","Llopiz Request - SNE","Freeze for Llopiz at -80",93557
"202204","0185","01050","004",52,4058.23,7104.92,4057.91,7106.16,"Peprilus triacanthus (butterfish)","Llopiz Request - SNE","Freeze for Llopiz at -80",93563
"202204","0185","01050","004",52,4058.23,7104.92,4057.91,7106.16,"Peprilus triacanthus (butterfish)","Llopiz Request - SNE","Freeze for Llopiz at -80",94114
"202204","0185","01050","004",52,4058.23,7104.92,4057.91,7106.16,"Peprilus triacanthus (butterfish)","Llopiz Request - SNE","Freeze for Llopiz at -80",94115
"202204","0185","01050","004",52,4058.23,7104.92,4057.91,7106.16,"Peprilus triacanthus (butterfish)","Llopiz Request - SNE","Freeze for Llopiz at -80",94120
"202204","0185","01050","004",52,4058.23,7104.92,4057.91,7106.16,"Peprilus triacanthus (butterfish)","Llopiz Request - SNE","Freeze for Llopiz at -80",94133
"202204","0185","01050","004",52,4058.23,7104.92,4057.91,7106.16,"Peprilus triacanthus (butterfish)","Llopiz Request - SNE","Freeze for Llopiz at -80",94134
"202204","0185","01050","004",52,4058.23,7104.92,4057.91,7106.16,"Peprilus triacanthus (butterfish)","Llopiz Request - SNE","Freeze for Llopiz at -80",94461
"202204","0185","01050","004",52,4058.23,7104.92,4057.91,7106.16,"Peprilus triacanthus (butterfish)","Llopiz Request - SNE","Freeze for Llopiz at -80",94469
"202204","0185","01050","004",52,4058.23,7104.92,4057.91,7106.16,"Peprilus triacanthus (butterfish)","Llopiz Request - SNE","Freeze for Llopiz at -80",94478
"202204","0185","01050","004",52,4058.23,7104.92,4057.91,7106.16,"Peprilus triacanthus (butterfish)","Llopiz Request - SNE","Freeze for Llopiz at -80",94482
"202204","0185","01050","004",52,4058.23,7104.92,4057.91,7106.16,"Peprilus triacanthus (butterfish)","Llopiz Request - SNE","Freeze for Llopiz at -80",94484
"202204","0161","01060","001",70,4015.11,7154.12,4015.17,7155.43,"Peprilus triacanthus (butterfish)","Llopiz Request - SNE","Freeze for Llopiz at -80",77038
"202204","0161","01060","001",70,4015.11,7154.12,4015.17,7155.43,"Peprilus triacanthus (butterfish)","Llopiz Request - SNE","Freeze for Llopiz at -80",77044
"202204","0161","01060","001",70,4015.11,7154.12,4015.17,7155.43,"Peprilus triacanthus (butterfish)","Llopiz Request - SNE","Freeze for Llopiz at -80",77045
"202204","0161","01060","001",70,4015.11,7154.12,4015.17,7155.43,"Peprilus triacanthus (butterfish)","Llopiz Request - SNE","Freeze for Llopiz at -80",77046
"202204","0161","01060","001",70,4015.11,7154.12,4015.17,7155.43,"Peprilus triacanthus (butterfish)","Llopiz Request - SNE","Freeze for Llopiz at -80",77047
"202204","0161","01060","001",70,4015.11,7154.12,4015.17,7155.43,"Peprilus triacanthus (butterfish)","Llopiz Request - SNE","Freeze for Llopiz at -80",77577
"202204","0151","01060","002",78,4029.03,7044.82,4029.3,7046.1,"Peprilus triacanthus (butterfish)","Llopiz Request - SNE","Freeze for Llopiz at -80",72160
"202204","0151","01060","002",78,4029.03,7044.82,4029.3,7046.1,"Peprilus triacanthus (butterfish)","Llopiz Request - SNE","Freeze for Llopiz at -80",72184
"202204","0151","01060","002",78,4029.03,7044.82,4029.3,7046.1,"Peprilus triacanthus (butterfish)","Llopiz Request - SNE","Freeze for Llopiz at -80",72188
"202204","0151","01060","002",78,4029.03,7044.82,4029.3,7046.1,"Peprilus triacanthus (butterfish)","Llopiz Request - SNE","Freeze for Llopiz at -80",72339
"202204","0151","01060","002",78,4029.03,7044.82,4029.3,7046.1,"Peprilus triacanthus (butterfish)","Llopiz Request - SNE","Freeze for Llopiz at -80",72344
"202204","0151","01060","002",78,4029.03,7044.82,4029.3,7046.1,"Peprilus triacanthus (butterfish)","Llopiz Request - SNE","Freeze for Llopiz at -80",72356
"202204","0151","01060","002",78,4029.03,7044.82,4029.3,7046.1,"Peprilus triacanthus (butterfish)","Llopiz Request - SNE","Freeze for Llopiz at -80",72360
"202204","0151","01060","002",78,4029.03,7044.82,4029.3,7046.1,"Peprilus triacanthus (butterfish)","Llopiz Request - SNE","Freeze for Llopiz at -80",72364
"202204","0151","01060","002",78,4029.03,7044.82,4029.3,7046.1,"Peprilus triacanthus (butterfish)","Llopiz Request - SNE","Freeze for Llopiz at -80",72504
"202204","0151","01060","002",78,4029.03,7044.82,4029.3,7046.1,"Peprilus triacanthus (butterfish)","Llopiz Request - SNE","Freeze for Llopiz at -80",72513
"202204","0151","01060","002",78,4029.03,7044.82,4029.3,7046.1,"Peprilus triacanthus (butterfish)","Llopiz Request - SNE","Freeze for Llopiz at -80",72518
"202204","0151","01060","002",78,4029.03,7044.82,4029.3,7046.1,"Peprilus triacanthus (butterfish)","Llopiz Request - SNE","Freeze for Llopiz at -80",72525
"202204","0151","01060","002",78,4029.03,7044.82,4029.3,7046.1,"Peprilus triacanthus (butterfish)","Llopiz Request - SNE","Freeze for Llopiz at -80",72529
"202204","0184","01060","003",59,4053.02,7119.76,4053.1,7121.04,"Peprilus triacanthus (butterfish)","Llopiz Request - SNE","Freeze for Llopiz at -80",92772
"202204","0184","01060","003",59,4053.02,7119.76,4053.1,7121.04,"Peprilus triacanthus (butterfish)","Llopiz Request - SNE","Freeze for Llopiz at -80",92781
"202204","0184","01060","003",59,4053.02,7119.76,4053.1,7121.04,"Peprilus triacanthus (butterfish)","Llopiz Request - SNE","Freeze for Llopiz at -80",92783
"202204","0184","01060","003",59,4053.02,7119.76,4053.1,7121.04,"Peprilus triacanthus (butterfish)","Llopiz Request - SNE","Freeze for Llopiz at -80",92787
"202204","0184","01060","003",59,4053.02,7119.76,4053.1,7121.04,"Peprilus triacanthus (butterfish)","Llopiz Request - SNE","Freeze for Llopiz at -80",92789
"202204","0184","01060","003",59,4053.02,7119.76,4053.1,7121.04,"Peprilus triacanthus (butterfish)","Llopiz Request - SNE","Freeze for Llopiz at -80",93099
"202204","0184","01060","003",59,4053.02,7119.76,4053.1,7121.04,"Peprilus triacanthus (butterfish)","Llopiz Request - SNE","Freeze for Llopiz at -80",93100
"202204","0184","01060","003",59,4053.02,7119.76,4053.1,7121.04,"Peprilus triacanthus (butterfish)","Llopiz Request - SNE","Freeze for Llopiz at -80",93103
"202204","0184","01060","003",59,4053.02,7119.76,4053.1,7121.04,"Peprilus triacanthus (butterfish)","Llopiz Request - SNE","Freeze for Llopiz at -80",93110
"202204","0184","01060","003",59,4053.02,7119.76,4053.1,7121.04,"Peprilus triacanthus (butterfish)","Llopiz Request - SNE","Freeze for Llopiz at -80",93116
"202204","0176","01060","005",69,4045.18,7140.12,4045.16,7138.74,"Peprilus triacanthus (butterfish)","Llopiz Request - SNE","Freeze for Llopiz at -80",86511
"202204","0176","01060","005",69,4045.18,7140.12,4045.16,7138.74,"Peprilus triacanthus (butterfish)","Llopiz Request - SNE","Freeze for Llopiz at -80",86562
"202204","0176","01060","005",69,4045.18,7140.12,4045.16,7138.74,"Peprilus triacanthus (butterfish)","Llopiz Request - SNE","Freeze for Llopiz at -80",86576
"202204","0176","01060","005",69,4045.18,7140.12,4045.16,7138.74,"Peprilus triacanthus (butterfish)","Llopiz Request - SNE","Freeze for Llopiz at -80",86578
"202204","0176","01060","005",69,4045.18,7140.12,4045.16,7138.74,"Peprilus triacanthus (butterfish)","Llopiz Request - SNE","Freeze for Llopiz at -80",86582
"202204","0160","01060","006",89,4012.81,7129.38,4013.43,7130.36,"Peprilus triacanthus (butterfish)","Llopiz Request - SNE","Freeze for Llopiz at -80",76731
"202204","0160","01060","006",89,4012.81,7129.38,4013.43,7130.36,"Peprilus triacanthus (butterfish)","Llopiz Request - SNE","Freeze for Llopiz at -80",76736
"202204","0160","01060","006",89,4012.81,7129.38,4013.43,7130.36,"Peprilus triacanthus (butterfish)","Llopiz Request - SNE","Freeze for Llopiz at -80",76738
"202204","0160","01060","006",89,4012.81,7129.38,4013.43,7130.36,"Peprilus triacanthus (butterfish)","Llopiz Request - SNE","Freeze for Llopiz at -80",76742
"202204","0160","01060","006",89,4012.81,7129.38,4013.43,7130.36,"Peprilus triacanthus (butterfish)","Llopiz Request - SNE","Freeze for Llopiz at -80",76743
"202204","0174","01060","007",59,4027.22,7210.14,4027.25,7211.45,"Peprilus triacanthus (butterfish)","Llopiz Request - SNE","Freeze for Llopiz at -80",84524
"202204","0174","01060","007",59,4027.22,7210.14,4027.25,7211.45,"Peprilus triacanthus (butterfish)","Llopiz Request - SNE","Freeze for Llopiz at -80",84539
"202204","0174","01060","007",59,4027.22,7210.14,4027.25,7211.45,"Peprilus triacanthus (butterfish)","Llopiz Request - SNE","Freeze for Llopiz at -80",84568
"202204","0174","01060","007",59,4027.22,7210.14,4027.25,7211.45,"Peprilus triacanthus (butterfish)","Llopiz Request - SNE","Freeze for Llopiz at -80",84570
"202204","0174","01060","007",59,4027.22,7210.14,4027.25,7211.45,"Peprilus triacanthus (butterfish)","Llopiz Request - SNE","Freeze for Llopiz at -80",84572
"202204","0174","01060","007",59,4027.22,7210.14,4027.25,7211.45,"Peprilus triacanthus (butterfish)","Llopiz Request - SNE","Freeze for Llopiz at -80",84700
"202204","0174","01060","007",59,4027.22,7210.14,4027.25,7211.45,"Peprilus triacanthus (butterfish)","Llopiz Request - SNE","Freeze for Llopiz at -80",84743
"202204","0174","01060","007",59,4027.22,7210.14,4027.25,7211.45,"Peprilus triacanthus (butterfish)","Llopiz Request - SNE","Freeze for Llopiz at -80",84744
"202204","0174","01060","007",59,4027.22,7210.14,4027.25,7211.45,"Peprilus triacanthus (butterfish)","Llopiz Request - SNE","Freeze for Llopiz at -80",84745
"202204","0174","01060","007",59,4027.22,7210.14,4027.25,7211.45,"Peprilus triacanthus (butterfish)","Llopiz Request - SNE","Freeze for Llopiz at -80",84746
"202204","0175","01060","008",71,4033.34,7129.77,4033.34,7131.1,"Peprilus triacanthus (butterfish)","Llopiz Request - SNE","Freeze for Llopiz at -80",85096
"202204","0175","01060","008",71,4033.34,7129.77,4033.34,7131.1,"Peprilus triacanthus (butterfish)","Llopiz Request - SNE","Freeze for Llopiz at -80",85166
"202204","0175","01060","008",71,4033.34,7129.77,4033.34,7131.1,"Peprilus triacanthus (butterfish)","Llopiz Request - SNE","Freeze for Llopiz at -80",85197
"202204","0175","01060","008",71,4033.34,7129.77,4033.34,7131.1,"Peprilus triacanthus (butterfish)","Llopiz Request - SNE","Freeze for Llopiz at -80",85202
"202204","0175","01060","008",71,4033.34,7129.77,4033.34,7131.1,"Peprilus triacanthus (butterfish)","Llopiz Request - SNE","Freeze for Llopiz at -80",85206
"202204","0159","01070","002",121,4007.52,7115.67,4006.72,7116.48,"Peprilus triacanthus (butterfish)","Llopiz Request - SNE","Freeze for Llopiz at -80",76477
"202204","0159","01070","002",121,4007.52,7115.67,4006.72,7116.48,"Peprilus triacanthus (butterfish)","Llopiz Request - SNE","Freeze for Llopiz at -80",76493
"202204","0159","01070","002",121,4007.52,7115.67,4006.72,7116.48,"Peprilus triacanthus (butterfish)","Llopiz Request - SNE","Freeze for Llopiz at -80",76495
"202204","0159","01070","002",121,4007.52,7115.67,4006.72,7116.48,"Peprilus triacanthus (butterfish)","Llopiz Request - SNE","Freeze for Llopiz at -80",76496
"202204","0159","01070","002",121,4007.52,7115.67,4006.72,7116.48,"Peprilus triacanthus (butterfish)","Llopiz Request - SNE","Freeze for Llopiz at -80",76498
"202204","0156","01070","003",138,4008.92,7049.57,4009.41,7050.75,"Peprilus triacanthus (butterfish)","Llopiz Request - SNE","Freeze for Llopiz at -80",74604
"202204","0156","01070","003",138,4008.92,7049.57,4009.41,7050.75,"Peprilus triacanthus (butterfish)","Llopiz Request - SNE","Freeze for Llopiz at -80",74606
"202204","0156","01070","003",138,4008.92,7049.57,4009.41,7050.75,"Peprilus triacanthus (butterfish)","Llopiz Request - SNE","Freeze for Llopiz at -80",74607
"202204","0156","01070","003",138,4008.92,7049.57,4009.41,7050.75,"Peprilus triacanthus (butterfish)","Llopiz Request - SNE","Freeze for Llopiz at -80",74608
"202204","0156","01070","003",138,4008.92,7049.57,4009.41,7050.75,"Peprilus triacanthus (butterfish)","Llopiz Request - SNE","Freeze for Llopiz at -80",74660
"202204","0156","01070","003",138,4008.92,7049.57,4009.41,7050.75,"Peprilus triacanthus (butterfish)","Llopiz Request - SNE","Freeze for Llopiz at -80",74818
"202204","0156","01070","003",138,4008.92,7049.57,4009.41,7050.75,"Peprilus triacanthus (butterfish)","Llopiz Request - SNE","Freeze for Llopiz at -80",74823
"202204","0156","01070","003",138,4008.92,7049.57,4009.41,7050.75,"Peprilus triacanthus (butterfish)","Llopiz Request - SNE","Freeze for Llopiz at -80",74825
"202204","0156","01070","003",138,4008.92,7049.57,4009.41,7050.75,"Peprilus triacanthus (butterfish)","Llopiz Request - SNE","Freeze for Llopiz at -80",74828
"202204","0156","01070","003",138,4008.92,7049.57,4009.41,7050.75,"Peprilus triacanthus (butterfish)","Llopiz Request - SNE","Freeze for Llopiz at -80",74831
"202204","0155","01070","004",132,4006.28,7034.09,4006.44,7035.36,"Peprilus triacanthus (butterfish)","Llopiz Request - SNE","Freeze for Llopiz at -80",74284
"202204","0155","01070","004",132,4006.28,7034.09,4006.44,7035.36,"Peprilus triacanthus (butterfish)","Llopiz Request - SNE","Freeze for Llopiz at -80",74295
"202204","0155","01070","004",132,4006.28,7034.09,4006.44,7035.36,"Peprilus triacanthus (butterfish)","Llopiz Request - SNE","Freeze for Llopiz at -80",74301
"202204","0155","01070","004",132,4006.28,7034.09,4006.44,7035.36,"Peprilus triacanthus (butterfish)","Llopiz Request - SNE","Freeze for Llopiz at -80",74306
"202204","0155","01070","004",132,4006.28,7034.09,4006.44,7035.36,"Peprilus triacanthus (butterfish)","Llopiz Request - SNE","Freeze for Llopiz at -80",74312
"202204","0157","01080","002",277,4000.72,7057.79,4001.17,7058.9,"Peprilus triacanthus (butterfish)","Llopiz Request - SNE","Freeze for Llopiz at -80",75213
"202204","0157","01080","002",277,4000.72,7057.79,4001.17,7058.9,"Peprilus triacanthus (butterfish)","Llopiz Request - SNE","Freeze for Llopiz at -80",75256
"202204","0157","01080","002",277,4000.72,7057.79,4001.17,7058.9,"Peprilus triacanthus (butterfish)","Llopiz Request - SNE","Freeze for Llopiz at -80",75262
"202204","0150","01090","001",55,4051.88,7033.84,4052.85,7034.14,"Peprilus triacanthus (butterfish)","Llopiz Request - SNE","Freeze for Llopiz at -80",71159
"202204","0150","01090","001",55,4051.88,7033.84,4052.85,7034.14,"Peprilus triacanthus (butterfish)","Llopiz Request - SNE","Freeze for Llopiz at -80",71194
"202204","0150","01090","001",55,4051.88,7033.84,4052.85,7034.14,"Peprilus triacanthus (butterfish)","Llopiz Request - SNE","Freeze for Llopiz at -80",71202
"202204","0150","01090","001",55,4051.88,7033.84,4052.85,7034.14,"Peprilus triacanthus (butterfish)","Llopiz Request - SNE","Freeze for Llopiz at -80",71206
"202204","0150","01090","001",55,4051.88,7033.84,4052.85,7034.14,"Peprilus triacanthus (butterfish)","Llopiz Request - SNE","Freeze for Llopiz at -80",71210
"202204","0150","01090","001",55,4051.88,7033.84,4052.85,7034.14,"Peprilus triacanthus (butterfish)","Llopiz Request - SNE","Freeze for Llopiz at -80",71601
"202204","0150","01090","001",55,4051.88,7033.84,4052.85,7034.14,"Peprilus triacanthus (butterfish)","Llopiz Request - SNE","Freeze for Llopiz at -80",71602
"202204","0150","01090","001",55,4051.88,7033.84,4052.85,7034.14,"Peprilus triacanthus (butterfish)","Llopiz Request - SNE","Freeze for Llopiz at -80",71603
"202204","0150","01090","001",55,4051.88,7033.84,4052.85,7034.14,"Peprilus triacanthus (butterfish)","Llopiz Request - SNE","Freeze for Llopiz at -80",71604
"202204","0150","01090","001",55,4051.88,7033.84,4052.85,7034.14,"Peprilus triacanthus (butterfish)","Llopiz Request - SNE","Freeze for Llopiz at -80",71605
"202204","0149","01090","002",44,4055.17,7022.69,4055.65,7023.82,"Peprilus triacanthus (butterfish)","Llopiz Request - SNE","Freeze for Llopiz at -80",70694
"202204","0149","01090","002",44,4055.17,7022.69,4055.65,7023.82,"Peprilus triacanthus (butterfish)","Llopiz Request - SNE","Freeze for Llopiz at -80",70696
"202204","0149","01090","002",44,4055.17,7022.69,4055.65,7023.82,"Peprilus triacanthus (butterfish)","Llopiz Request - SNE","Freeze for Llopiz at -80",70697
"202204","0149","01090","002",44,4055.17,7022.69,4055.65,7023.82,"Peprilus triacanthus (butterfish)","Llopiz Request - SNE","Freeze for Llopiz at -80",70698
"202204","0149","01090","002",44,4055.17,7022.69,4055.65,7023.82,"Peprilus triacanthus (butterfish)","Llopiz Request - SNE","Freeze for Llopiz at -80",70699
"202204","0149","01090","002",44,4055.17,7022.69,4055.65,7023.82,"Peprilus triacanthus (butterfish)","Llopiz Request - SNE","Freeze for Llopiz at -80",70292
"202204","0149","01090","002",44,4055.17,7022.69,4055.65,7023.82,"Peprilus triacanthus (butterfish)","Llopiz Request - SNE","Freeze for Llopiz at -80",70299
"202204","0149","01090","002",44,4055.17,7022.69,4055.65,7023.82,"Peprilus triacanthus (butterfish)","Llopiz Request - SNE","Freeze for Llopiz at -80",70305
"202204","0149","01090","002",44,4055.17,7022.69,4055.65,7023.82,"Peprilus triacanthus (butterfish)","Llopiz Request - SNE","Freeze for Llopiz at -80",70307
"202204","0149","01090","002",44,4055.17,7022.69,4055.65,7023.82,"Peprilus triacanthus (butterfish)","Llopiz Request - SNE","Freeze for Llopiz at -80",70308
"202204","0143","01090","004",45,4106.37,7041.4,4105.41,7041.74,"Peprilus triacanthus (butterfish)","Llopiz Request - SNE","Freeze for Llopiz at -80",64773
"202204","0143","01090","004",45,4106.37,7041.4,4105.41,7041.74,"Peprilus triacanthus (butterfish)","Llopiz Request - SNE","Freeze for Llopiz at -80",64780
"202204","0143","01090","004",45,4106.37,7041.4,4105.41,7041.74,"Peprilus triacanthus (butterfish)","Llopiz Request - SNE","Freeze for Llopiz at -80",64781
"202204","0143","01090","004",45,4106.37,7041.4,4105.41,7041.74,"Peprilus triacanthus (butterfish)","Llopiz Request - SNE","Freeze for Llopiz at -80",64783
"202204","0143","01090","004",45,4106.37,7041.4,4105.41,7041.74,"Peprilus triacanthus (butterfish)","Llopiz Request - SNE","Freeze for Llopiz at -80",64784
"202204","0143","01090","004",45,4106.37,7041.4,4105.41,7041.74,"Peprilus triacanthus (butterfish)","Llopiz Request - SNE","Freeze for Llopiz at -80",65220
"202204","0143","01090","004",45,4106.37,7041.4,4105.41,7041.74,"Peprilus triacanthus (butterfish)","Llopiz Request - SNE","Freeze for Llopiz at -80",65223
"202204","0143","01090","004",45,4106.37,7041.4,4105.41,7041.74,"Peprilus triacanthus (butterfish)","Llopiz Request - SNE","Freeze for Llopiz at -80",65224
"202204","0143","01090","004",45,4106.37,7041.4,4105.41,7041.74,"Peprilus triacanthus (butterfish)","Llopiz Request - SNE","Freeze for Llopiz at -80",65227
"202204","0143","01090","004",45,4106.37,7041.4,4105.41,7041.74,"Peprilus triacanthus (butterfish)","Llopiz Request - SNE","Freeze for Llopiz at -80",65229
"202204","0144","01090","005",38,4109.73,7030.49,4109.68,7031.83,"Peprilus triacanthus (butterfish)","Llopiz Request - SNE","Freeze for Llopiz at -80",65854
"202204","0144","01090","005",38,4109.73,7030.49,4109.68,7031.83,"Peprilus triacanthus (butterfish)","Llopiz Request - SNE","Freeze for Llopiz at -80",65832
"202204","0144","01090","005",38,4109.73,7030.49,4109.68,7031.83,"Peprilus triacanthus (butterfish)","Llopiz Request - SNE","Freeze for Llopiz at -80",65844
"202204","0144","01090","005",38,4109.73,7030.49,4109.68,7031.83,"Peprilus triacanthus (butterfish)","Llopiz Request - SNE","Freeze for Llopiz at -80",65845
"202204","0144","01090","005",38,4109.73,7030.49,4109.68,7031.83,"Peprilus triacanthus (butterfish)","Llopiz Request - SNE","Freeze for Llopiz at -80",65847
"202204","0189","01100","001",74,4020.69,6931.52,4019.85,6930.75,"Peprilus triacanthus (butterfish)","Llopiz Request - SNE","Freeze for Llopiz at -80",98651
"202204","0189","01100","001",74,4020.69,6931.52,4019.85,6930.75,"Peprilus triacanthus (butterfish)","Llopiz Request - SNE","Freeze for Llopiz at -80",98656
"202204","0189","01100","001",74,4020.69,6931.52,4019.85,6930.75,"Peprilus triacanthus (butterfish)","Llopiz Request - SNE","Freeze for Llopiz at -80",98647
"202204","0189","01100","001",74,4020.69,6931.52,4019.85,6930.75,"Peprilus triacanthus (butterfish)","Llopiz Request - SNE","Freeze for Llopiz at -80",98649
"202204","0189","01100","001",74,4020.69,6931.52,4019.85,6930.75,"Peprilus triacanthus (butterfish)","Llopiz Request - SNE","Freeze for Llopiz at -80",98650
"202204","0189","01100","001",74,4020.69,6931.52,4019.85,6930.75,"Peprilus triacanthus (butterfish)","Llopiz Request - SNE","Freeze for Llopiz at -80",98655
"202204","0193","01100","003",90,4020.88,6856.81,4020.82,6855.52,"Peprilus triacanthus (butterfish)","Llopiz Request - SNE","Freeze for Llopiz at -80",100922
"202204","0193","01100","003",90,4020.88,6856.81,4020.82,6855.52,"Peprilus triacanthus (butterfish)","Llopiz Request - SNE","Freeze for Llopiz at -80",100924
"202204","0193","01100","003",90,4020.88,6856.81,4020.82,6855.52,"Peprilus triacanthus (butterfish)","Llopiz Request - SNE","Freeze for Llopiz at -80",100925
"202204","0193","01100","003",90,4020.88,6856.81,4020.82,6855.52,"Peprilus triacanthus (butterfish)","Llopiz Request - SNE","Freeze for Llopiz at -80",100926
"202204","0193","01100","003",90,4020.88,6856.81,4020.82,6855.52,"Peprilus triacanthus (butterfish)","Llopiz Request - SNE","Freeze for Llopiz at -80",100927
"202204","0193","01100","003",90,4020.88,6856.81,4020.82,6855.52,"Peprilus triacanthus (butterfish)","Llopiz Request - SNE","Freeze for Llopiz at -80",101301
"202204","0193","01100","003",90,4020.88,6856.81,4020.82,6855.52,"Peprilus triacanthus (butterfish)","Llopiz Request - SNE","Freeze for Llopiz at -80",101325
"202204","0193","01100","003",90,4020.88,6856.81,4020.82,6855.52,"Peprilus triacanthus (butterfish)","Llopiz Request - SNE","Freeze for Llopiz at -80",101329
"202204","0193","01100","003",90,4020.88,6856.81,4020.82,6855.52,"Peprilus triacanthus (butterfish)","Llopiz Request - SNE","Freeze for Llopiz at -80",101353
"202204","0193","01100","003",90,4020.88,6856.81,4020.82,6855.52,"Peprilus triacanthus (butterfish)","Llopiz Request - SNE","Freeze for Llopiz at -80",101365
"202204","0188","01100","004",73,4024.18,6944.04,4023.22,6943.71,"Peprilus triacanthus (butterfish)","Llopiz Request - SNE","Freeze for Llopiz at -80",97805
"202204","0188","01100","004",73,4024.18,6944.04,4023.22,6943.71,"Peprilus triacanthus (butterfish)","Llopiz Request - SNE","Freeze for Llopiz at -80",97807
"202204","0188","01100","004",73,4024.18,6944.04,4023.22,6943.71,"Peprilus triacanthus (butterfish)","Llopiz Request - SNE","Freeze for Llopiz at -80",97808
"202204","0188","01100","004",73,4024.18,6944.04,4023.22,6943.71,"Peprilus triacanthus (butterfish)","Llopiz Request - SNE","Freeze for Llopiz at -80",97817
"202204","0188","01100","004",73,4024.18,6944.04,4023.22,6943.71,"Peprilus triacanthus (butterfish)","Llopiz Request - SNE","Freeze for Llopiz at -80",97838
"202204","0188","01100","004",73,4024.18,6944.04,4023.22,6943.71,"Peprilus triacanthus (butterfish)","Llopiz Request - SNE","Freeze for Llopiz at -80",98402
"202204","0188","01100","004",73,4024.18,6944.04,4023.22,6943.71,"Peprilus triacanthus (butterfish)","Llopiz Request - SNE","Freeze for Llopiz at -80",98410
"202204","0188","01100","004",73,4024.18,6944.04,4023.22,6943.71,"Peprilus triacanthus (butterfish)","Llopiz Request - SNE","Freeze for Llopiz at -80",98414
"202204","0188","01100","004",73,4024.18,6944.04,4023.22,6943.71,"Peprilus triacanthus (butterfish)","Llopiz Request - SNE","Freeze for Llopiz at -80",98415
"202204","0188","01100","004",73,4024.18,6944.04,4023.22,6943.71,"Peprilus triacanthus (butterfish)","Llopiz Request - SNE","Freeze for Llopiz at -80",98418
"202204","0187","01100","005",68,4030.78,6936.71,4030.67,6935.36,"Peprilus triacanthus (butterfish)","Llopiz Request - SNE","Freeze for Llopiz at -80",97490
"202204","0187","01100","005",68,4030.78,6936.71,4030.67,6935.36,"Peprilus triacanthus (butterfish)","Llopiz Request - SNE","Freeze for Llopiz at -80",97504
"202204","0187","01100","005",68,4030.78,6936.71,4030.67,6935.36,"Peprilus triacanthus (butterfish)","Llopiz Request - SNE","Freeze for Llopiz at -80",97521
"202204","0187","01100","005",68,4030.78,6936.71,4030.67,6935.36,"Peprilus triacanthus (butterfish)","Llopiz Request - SNE","Freeze for Llopiz at -80",97526
"202204","0187","01100","005",68,4030.78,6936.71,4030.67,6935.36,"Peprilus triacanthus (butterfish)","Llopiz Request - SNE","Freeze for Llopiz at -80",97530
"202204","0187","01100","005",68,4030.78,6936.71,4030.67,6935.36,"Peprilus triacanthus (butterfish)","Llopiz Request - SNE","Freeze for Llopiz at -80",97613
"202204","0187","01100","005",68,4030.78,6936.71,4030.67,6935.36,"Peprilus triacanthus (butterfish)","Llopiz Request - SNE","Freeze for Llopiz at -80",97615
"202204","0187","01100","005",68,4030.78,6936.71,4030.67,6935.36,"Peprilus triacanthus (butterfish)","Llopiz Request - SNE","Freeze for Llopiz at -80",97617
"202204","0187","01100","005",68,4030.78,6936.71,4030.67,6935.36,"Peprilus triacanthus (butterfish)","Llopiz Request - SNE","Freeze for Llopiz at -80",97618
"202204","0187","01100","005",68,4030.78,6936.71,4030.67,6935.36,"Peprilus triacanthus (butterfish)","Llopiz Request - SNE","Freeze for Llopiz at -80",97619
"202204","0186","01100","008",59,4034.39,7004.24,4034.12,7002.99,"Peprilus triacanthus (butterfish)","Llopiz Request - SNE","Freeze for Llopiz at -80",95907
"202204","0186","01100","008",59,4034.39,7004.24,4034.12,7002.99,"Peprilus triacanthus (butterfish)","Llopiz Request - SNE","Freeze for Llopiz at -80",95920
"202204","0186","01100","008",59,4034.39,7004.24,4034.12,7002.99,"Peprilus triacanthus (butterfish)","Llopiz Request - SNE","Freeze for Llopiz at -80",95933
"202204","0186","01100","008",59,4034.39,7004.24,4034.12,7002.99,"Peprilus triacanthus (butterfish)","Llopiz Request - SNE","Freeze for Llopiz at -80",95936
"202204","0186","01100","008",59,4034.39,7004.24,4034.12,7002.99,"Peprilus triacanthus (butterfish)","Llopiz Request - SNE","Freeze for Llopiz at -80",95939
"202204","0186","01100","008",59,4034.39,7004.24,4034.12,7002.99,"Peprilus triacanthus (butterfish)","Llopiz Request - SNE","Freeze for Llopiz at -80",96037
"202204","0186","01100","008",59,4034.39,7004.24,4034.12,7002.99,"Peprilus triacanthus (butterfish)","Llopiz Request - SNE","Freeze for Llopiz at -80",96040
"202204","0186","01100","008",59,4034.39,7004.24,4034.12,7002.99,"Peprilus triacanthus (butterfish)","Llopiz Request - SNE","Freeze for Llopiz at -80",96041
"202204","0186","01100","008",59,4034.39,7004.24,4034.12,7002.99,"Peprilus triacanthus (butterfish)","Llopiz Request - SNE","Freeze for Llopiz at -80",96042
"202204","0186","01100","008",59,4034.39,7004.24,4034.12,7002.99,"Peprilus triacanthus (butterfish)","Llopiz Request - SNE","Freeze for Llopiz at -80",96044
"202204","0152","01110","002",156,4006.04,7009.09,4005.87,7010.33,"Peprilus triacanthus (butterfish)","Llopiz Request - SNE","Freeze for Llopiz at -80",72998
"202204","0153","01110","003",150,4004.61,7001.07,4004.63,7002.39,"Peprilus triacanthus (butterfish)","Llopiz Request - SNE","Freeze for Llopiz at -80",73506
"202204","0153","01110","003",150,4004.61,7001.07,4004.63,7002.39,"Peprilus triacanthus (butterfish)","Llopiz Request - SNE","Freeze for Llopiz at -80",73515
"202204","0153","01110","003",150,4004.61,7001.07,4004.63,7002.39,"Peprilus triacanthus (butterfish)","Llopiz Request - SNE","Freeze for Llopiz at -80",73519
"202204","0153","01110","003",150,4004.61,7001.07,4004.63,7002.39,"Peprilus triacanthus (butterfish)","Llopiz Request - SNE","Freeze for Llopiz at -80",73521
"202204","0153","01110","003",150,4004.61,7001.07,4004.63,7002.39,"Peprilus triacanthus (butterfish)","Llopiz Request - SNE","Freeze for Llopiz at -80",73526
"202204","0192","01110","004",156,4003.74,6909.69,4004.03,6908.46,"Peprilus triacanthus (butterfish)","Llopiz Request - SNE","Freeze for Llopiz at -80",100576
"202204","0192","01110","004",156,4003.74,6909.69,4004.03,6908.46,"Peprilus triacanthus (butterfish)","Llopiz Request - SNE","Freeze for Llopiz at -80",100579
"202204","0192","01110","004",156,4003.74,6909.69,4004.03,6908.46,"Peprilus triacanthus (butterfish)","Llopiz Request - SNE","Freeze for Llopiz at -80",100580
"202204","0192","01110","004",156,4003.74,6909.69,4004.03,6908.46,"Peprilus triacanthus (butterfish)","Llopiz Request - SNE","Freeze for Llopiz at -80",100582
"202204","0192","01110","004",156,4003.74,6909.69,4004.03,6908.46,"Peprilus triacanthus (butterfish)","Llopiz Request - SNE","Freeze for Llopiz at -80",100583
"202204","0191","01120","002",282,3957.17,6918.7,3957.53,6917.59,"Peprilus triacanthus (butterfish)","Llopiz Request - SNE","Freeze for Llopiz at -80",100172
"202204","0191","01120","002",282,3957.17,6918.7,3957.53,6917.59,"Peprilus triacanthus (butterfish)","Llopiz Request - SNE","Freeze for Llopiz at -80",100173
"202204","0191","01120","002",282,3957.17,6918.7,3957.53,6917.59,"Peprilus triacanthus (butterfish)","Llopiz Request - SNE","Freeze for Llopiz at -80",100175
"202204","0191","01120","002",282,3957.17,6918.7,3957.53,6917.59,"Peprilus triacanthus (butterfish)","Llopiz Request - SNE","Freeze for Llopiz at -80",100187
"202204","0191","01120","002",282,3957.17,6918.7,3957.53,6917.59,"Peprilus triacanthus (butterfish)","Llopiz Request - SNE","Freeze for Llopiz at -80",100189
"202204","0190","01120","003",234,3955.57,6940.65,3955.86,6939.51,"Peprilus triacanthus (butterfish)","Llopiz Request - SNE","Freeze for Llopiz at -80",100054
"202204","0190","01120","003",234,3955.57,6940.65,3955.86,6939.51,"Peprilus triacanthus (butterfish)","Llopiz Request - SNE","Freeze for Llopiz at -80",100063
"202204","0190","01120","003",234,3955.57,6940.65,3955.86,6939.51,"Peprilus triacanthus (butterfish)","Llopiz Request - SNE","Freeze for Llopiz at -80",100064
"202204","0190","01120","003",234,3955.57,6940.65,3955.86,6939.51,"Peprilus triacanthus (butterfish)","Llopiz Request - SNE","Freeze for Llopiz at -80",100065
"202204","0190","01120","003",234,3955.57,6940.65,3955.86,6939.51,"Peprilus triacanthus (butterfish)","Llopiz Request - SNE","Freeze for Llopiz at -80",100066
"202204","0194","01130","002",89,4023.24,6843.4,4023.89,6842.41,"Peprilus triacanthus (butterfish)","Llopiz Request - GB","Freeze for Llopiz at -80",101650
"202204","0194","01130","002",89,4023.24,6843.4,4023.89,6842.41,"Peprilus triacanthus (butterfish)","Llopiz Request - GB","Freeze for Llopiz at -80",101661
"202204","0194","01130","002",89,4023.24,6843.4,4023.89,6842.41,"Peprilus triacanthus (butterfish)","Llopiz Request - GB","Freeze for Llopiz at -80",101663
"202204","0202","01130","003",103,4036.13,6727.88,4036.69,6726.78,"Peprilus triacanthus (butterfish)","Llopiz Request - GB","Freeze for Llopiz at -80",105220
"202204","0202","01130","003",103,4036.13,6727.88,4036.69,6726.78,"Peprilus triacanthus (butterfish)","Llopiz Request - GB","Freeze for Llopiz at -80",105246
"202204","0202","01130","003",103,4036.13,6727.88,4036.69,6726.78,"Peprilus triacanthus (butterfish)","Llopiz Request - GB","Freeze for Llopiz at -80",105249
"202204","0202","01130","003",103,4036.13,6727.88,4036.69,6726.78,"Peprilus triacanthus (butterfish)","Llopiz Request - GB","Freeze for Llopiz at -80",105370
"202204","0202","01130","003",103,4036.13,6727.88,4036.69,6726.78,"Peprilus triacanthus (butterfish)","Llopiz Request - GB","Freeze for Llopiz at -80",105377
"202204","0202","01130","003",103,4036.13,6727.88,4036.69,6726.78,"Peprilus triacanthus (butterfish)","Llopiz Request - GB","Freeze for Llopiz at -80",105382
"202204","0203","01130","004",96,4046.09,6717.9,4045.22,6717.2,"Peprilus triacanthus (butterfish)","Llopiz Request - GB","Freeze for Llopiz at -80",105927
"202204","0203","01130","004",96,4046.09,6717.9,4045.22,6717.2,"Peprilus triacanthus (butterfish)","Llopiz Request - GB","Freeze for Llopiz at -80",105945
"202204","0203","01130","004",96,4046.09,6717.9,4045.22,6717.2,"Peprilus triacanthus (butterfish)","Llopiz Request - GB","Freeze for Llopiz at -80",105963
"202204","0195","01130","006",90,4025.77,6837.91,4026.31,6836.85,"Peprilus triacanthus (butterfish)","Llopiz Request - GB","Freeze for Llopiz at -80",102169
"202204","0195","01130","006",90,4025.77,6837.91,4026.31,6836.85,"Peprilus triacanthus (butterfish)","Llopiz Request - GB","Freeze for Llopiz at -80",102175
"202204","0195","01130","006",90,4025.77,6837.91,4026.31,6836.85,"Peprilus triacanthus (butterfish)","Llopiz Request - GB","Freeze for Llopiz at -80",102187
"202204","0195","01130","006",90,4025.77,6837.91,4026.31,6836.85,"Peprilus triacanthus (butterfish)","Llopiz Request - GB","Freeze for Llopiz at -80",102638
"202204","0195","01130","006",90,4025.77,6837.91,4026.31,6836.85,"Peprilus triacanthus (butterfish)","Llopiz Request - GB","Freeze for Llopiz at -80",102656
"202204","0195","01130","006",90,4025.77,6837.91,4026.31,6836.85,"Peprilus triacanthus (butterfish)","Llopiz Request - GB","Freeze for Llopiz at -80",102664
"202204","0217","01130","007",61,4107.26,6724.61,4107.26,6723.33,"Peprilus triacanthus (butterfish)","Llopiz Request - GB","Freeze for Llopiz at -80",113317
"202204","0217","01130","007",61,4107.26,6724.61,4107.26,6723.33,"Peprilus triacanthus (butterfish)","Llopiz Request - GB","Freeze for Llopiz at -80",113326
"202204","0217","01130","007",61,4107.26,6724.61,4107.26,6723.33,"Peprilus triacanthus (butterfish)","Llopiz Request - GB","Freeze for Llopiz at -80",113328
"202204","0219","01130","008",63,4101.02,6741.1,4100.03,6741.07,"Peprilus triacanthus (butterfish)","Llopiz Request - GB","Freeze for Llopiz at -80",114186
"202204","0219","01130","008",63,4101.02,6741.1,4100.03,6741.07,"Peprilus triacanthus (butterfish)","Llopiz Request - GB","Freeze for Llopiz at -80",114190
"202204","0219","01130","008",63,4101.02,6741.1,4100.03,6741.07,"Peprilus triacanthus (butterfish)","Llopiz Request - GB","Freeze for Llopiz at -80",114194
"202204","0196","01130","009",68,4034.32,6840.72,4034.55,6839.46,"Peprilus triacanthus (butterfish)","Llopiz Request - GB","Freeze for Llopiz at -80",102971
"202204","0196","01130","009",68,4034.32,6840.72,4034.55,6839.46,"Peprilus triacanthus (butterfish)","Llopiz Request - GB","Freeze for Llopiz at -80",102974
"202204","0196","01130","009",68,4034.32,6840.72,4034.55,6839.46,"Peprilus triacanthus (butterfish)","Llopiz Request - GB","Freeze for Llopiz at -80",102975
"202204","0197","01140","001",125,4023.93,6816.69,4024.65,6815.85,"Peprilus triacanthus (butterfish)","Llopiz Request - GB","Freeze for Llopiz at -80",103688
"202204","0197","01140","001",125,4023.93,6816.69,4024.65,6815.85,"Peprilus triacanthus (butterfish)","Llopiz Request - GB","Freeze for Llopiz at -80",103704
"202204","0197","01140","001",125,4023.93,6816.69,4024.65,6815.85,"Peprilus triacanthus (butterfish)","Llopiz Request - GB","Freeze for Llopiz at -80",103714
"202204","0197","01140","001",125,4023.93,6816.69,4024.65,6815.85,"Peprilus triacanthus (butterfish)","Llopiz Request - GB","Freeze for Llopiz at -80",103610
"202204","0197","01140","001",125,4023.93,6816.69,4024.65,6815.85,"Peprilus triacanthus (butterfish)","Llopiz Request - GB","Freeze for Llopiz at -80",103616
"202204","0197","01140","001",125,4023.93,6816.69,4024.65,6815.85,"Peprilus triacanthus (butterfish)","Llopiz Request - GB","Freeze for Llopiz at -80",103618
"202204","0201","01140","002",138,4030.11,6738.96,4030.5,6737.77,"Peprilus triacanthus (butterfish)","Llopiz Request - GB","Freeze for Llopiz at -80",104783
"202204","0201","01140","002",138,4030.11,6738.96,4030.5,6737.77,"Peprilus triacanthus (butterfish)","Llopiz Request - GB","Freeze for Llopiz at -80",104829
"202204","0201","01140","002",138,4030.11,6738.96,4030.5,6737.77,"Peprilus triacanthus (butterfish)","Llopiz Request - GB","Freeze for Llopiz at -80",104886
"202204","0201","01140","002",138,4030.11,6738.96,4030.5,6737.77,"Peprilus triacanthus (butterfish)","Llopiz Request - GB","Freeze for Llopiz at -80",104841
"202204","0201","01140","002",138,4030.11,6738.96,4030.5,6737.77,"Peprilus triacanthus (butterfish)","Llopiz Request - GB","Freeze for Llopiz at -80",104846
"202204","0201","01140","002",138,4030.11,6738.96,4030.5,6737.77,"Peprilus triacanthus (butterfish)","Llopiz Request - GB","Freeze for Llopiz at -80",104850
"202204","0198","01140","003",147,4025.32,6804.41,4025.46,6803.15,"Peprilus triacanthus (butterfish)","Llopiz Request - GB","Freeze for Llopiz at -80",104001
"202204","0198","01140","003",147,4025.32,6804.41,4025.46,6803.15,"Peprilus triacanthus (butterfish)","Llopiz Request - GB","Freeze for Llopiz at -80",104003
"202204","0198","01140","003",147,4025.32,6804.41,4025.46,6803.15,"Peprilus triacanthus (butterfish)","Llopiz Request - GB","Freeze for Llopiz at -80",104016
"202204","0198","01140","003",147,4025.32,6804.41,4025.46,6803.15,"Peprilus triacanthus (butterfish)","Llopiz Request - GB","Freeze for Llopiz at -80",104083
"202204","0212","01160","002",88,4110.96,6636.79,4111.52,6635.67,"Peprilus triacanthus (butterfish)","Llopiz Request - GB","Freeze for Llopiz at -80",109742
"202204","0212","01160","002",88,4110.96,6636.79,4111.52,6635.67,"Peprilus triacanthus (butterfish)","Llopiz Request - GB","Freeze for Llopiz at -80",109747
"202204","0212","01160","002",88,4110.96,6636.79,4111.52,6635.67,"Peprilus triacanthus (butterfish)","Llopiz Request - GB","Freeze for Llopiz at -80",109753
"202204","0215","01160","003",75,4129.76,6646.25,4129.27,6647.47,"Peprilus triacanthus (butterfish)","Llopiz Request - GB","Freeze for Llopiz at -80",111173
"202204","0215","01160","003",75,4129.76,6646.25,4129.27,6647.47,"Peprilus triacanthus (butterfish)","Llopiz Request - GB","Freeze for Llopiz at -80",111181
"202204","0215","01160","003",75,4129.76,6646.25,4129.27,6647.47,"Peprilus triacanthus (butterfish)","Llopiz Request - GB","Freeze for Llopiz at -80",111182
"202204","0209","01160","004",70,4102.65,6706.27,4102.02,6705.24,"Peprilus triacanthus (butterfish)","Llopiz Request - GB","Freeze for Llopiz at -80",108333
"202204","0209","01160","004",70,4102.65,6706.27,4102.02,6705.24,"Peprilus triacanthus (butterfish)","Llopiz Request - GB","Freeze for Llopiz at -80",108334
"202204","0209","01160","004",70,4102.65,6706.27,4102.02,6705.24,"Peprilus triacanthus (butterfish)","Llopiz Request - GB","Freeze for Llopiz at -80",108335
"202204","0210","01160","005",77,4059.31,6650.73,4058.74,6649.62,"Peprilus triacanthus (butterfish)","Llopiz Request - GB","Freeze for Llopiz at -80",108772
"202204","0210","01160","005",77,4059.31,6650.73,4058.74,6649.62,"Peprilus triacanthus (butterfish)","Llopiz Request - GB","Freeze for Llopiz at -80",108775
"202204","0210","01160","005",77,4059.31,6650.73,4058.74,6649.62,"Peprilus triacanthus (butterfish)","Llopiz Request - GB","Freeze for Llopiz at -80",108776
"202204","0213","01160","007",85,4120.42,6639.99,4119.96,6638.91,"Peprilus triacanthus (butterfish)","Llopiz Request - GB","Freeze for Llopiz at -80",110390
"202204","0213","01160","007",85,4120.42,6639.99,4119.96,6638.91,"Peprilus triacanthus (butterfish)","Llopiz Request - GB","Freeze for Llopiz at -80",110398
"202204","0213","01160","007",85,4120.42,6639.99,4119.96,6638.91,"Peprilus triacanthus (butterfish)","Llopiz Request - GB","Freeze for Llopiz at -80",110416
"202204","0208","01170","001",115,4051.3,6643.66,4050.58,6644.53,"Peprilus triacanthus (butterfish)","Llopiz Request - GB","Freeze for Llopiz at -80",107498
"202204","0208","01170","001",115,4051.3,6643.66,4050.58,6644.53,"Peprilus triacanthus (butterfish)","Llopiz Request - GB","Freeze for Llopiz at -80",107510
"202204","0208","01170","001",115,4051.3,6643.66,4050.58,6644.53,"Peprilus triacanthus (butterfish)","Llopiz Request - GB","Freeze for Llopiz at -80",107519
"202204","0211","01170","002",128,4110.16,6620.62,4109.39,6621.49,"Peprilus triacanthus (butterfish)","Llopiz Request - GB","Freeze for Llopiz at -80",109028
"202204","0211","01170","002",128,4110.16,6620.62,4109.39,6621.49,"Peprilus triacanthus (butterfish)","Llopiz Request - GB","Freeze for Llopiz at -80",109030
"202204","0211","01170","002",128,4110.16,6620.62,4109.39,6621.49,"Peprilus triacanthus (butterfish)","Llopiz Request - GB","Freeze for Llopiz at -80",109036
"202204","0207","01180","001",194,4050.12,6640.79,4049.46,6641.64,"Peprilus triacanthus (butterfish)","Llopiz Request - GB","Freeze for Llopiz at -80",107198
"202204","0207","01180","001",194,4050.12,6640.79,4049.46,6641.64,"Peprilus triacanthus (butterfish)","Llopiz Request - GB","Freeze for Llopiz at -80",107202
"202204","0207","01180","001",194,4050.12,6640.79,4049.46,6641.64,"Peprilus triacanthus (butterfish)","Llopiz Request - GB","Freeze for Llopiz at -80",107205
"202204","0222","01190","001",44,4107.49,6811.26,4107.98,6810.09,"Peprilus triacanthus (butterfish)","Llopiz Request - GB","Freeze for Llopiz at -80",116539
"202204","0222","01190","001",44,4107.49,6811.26,4107.98,6810.09,"Peprilus triacanthus (butterfish)","Llopiz Request - GB","Freeze for Llopiz at -80",116542
"202204","0222","01190","001",44,4107.49,6811.26,4107.98,6810.09,"Peprilus triacanthus (butterfish)","Llopiz Request - GB","Freeze for Llopiz at -80",116543
"202204","0223","01190","002",51,4115.44,6759.73,4114.64,6759,"Peprilus triacanthus (butterfish)","Llopiz Request - GB","Freeze for Llopiz at -80",117089
"202204","0223","01190","002",51,4115.44,6759.73,4114.64,6759,"Peprilus triacanthus (butterfish)","Llopiz Request - GB","Freeze for Llopiz at -80",117105
"202204","0223","01190","002",51,4115.44,6759.73,4114.64,6759,"Peprilus triacanthus (butterfish)","Llopiz Request - GB","Freeze for Llopiz at -80",117108
"202204","0220","01190","003",58,4052.6,6811.65,4053.57,6811.86,"Peprilus triacanthus (butterfish)","Llopiz Request - GB","Freeze for Llopiz at -80",115193
"202204","0220","01190","003",58,4052.6,6811.65,4053.57,6811.86,"Peprilus triacanthus (butterfish)","Llopiz Request - GB","Freeze for Llopiz at -80",115196
"202204","0220","01190","003",58,4052.6,6811.65,4053.57,6811.86,"Peprilus triacanthus (butterfish)","Llopiz Request - GB","Freeze for Llopiz at -80",115197
"202204","0216","01190","006",56,4115.09,6711.97,4116.07,6711.73,"Peprilus triacanthus (butterfish)","Llopiz Request - GB","Freeze for Llopiz at -80",112584
"202204","0216","01190","006",56,4115.09,6711.97,4116.07,6711.73,"Peprilus triacanthus (butterfish)","Llopiz Request - GB","Freeze for Llopiz at -80",112591
"202204","0216","01190","006",56,4115.09,6711.97,4116.07,6711.73,"Peprilus triacanthus (butterfish)","Llopiz Request - GB","Freeze for Llopiz at -80",112592
"202204","0218","01190","008",45,4114.09,6734.55,4114.35,6733.25,"Peprilus triacanthus (butterfish)","Llopiz Request - GB","Freeze for Llopiz at -80",114104
"202204","0218","01190","008",45,4114.09,6734.55,4114.35,6733.25,"Peprilus triacanthus (butterfish)","Llopiz Request - GB","Freeze for Llopiz at -80",114109
"202204","0218","01190","008",45,4114.09,6734.55,4114.35,6733.25,"Peprilus triacanthus (butterfish)","Llopiz Request - GB","Freeze for Llopiz at -80",114111
"202204","0237","01200","003",42,4148.62,6752.82,4147.74,6752.14,"Peprilus triacanthus (butterfish)","Llopiz Request - GB","Freeze for Llopiz at -80",128066
"202204","0237","01200","003",42,4148.62,6752.82,4147.74,6752.14,"Peprilus triacanthus (butterfish)","Llopiz Request - GB","Freeze for Llopiz at -80",128072
"202204","0237","01200","003",42,4148.62,6752.82,4147.74,6752.14,"Peprilus triacanthus (butterfish)","Llopiz Request - GB","Freeze for Llopiz at -80",128073
"202204","0224","01200","004",41,4128.22,6803,4127.36,6802.28,"Peprilus triacanthus (butterfish)","Llopiz Request - GB","Freeze for Llopiz at -80",118164
"202204","0224","01200","004",41,4128.22,6803,4127.36,6802.28,"Peprilus triacanthus (butterfish)","Llopiz Request - GB","Freeze for Llopiz at -80",118168
"202204","0224","01200","004",41,4128.22,6803,4127.36,6802.28,"Peprilus triacanthus (butterfish)","Llopiz Request - GB","Freeze for Llopiz at -80",118169
"202204","0236","01210","001",104,4153.13,6801.33,4153.89,6800.49,"Peprilus triacanthus (butterfish)","Llopiz Request - GB","Freeze for Llopiz at -80",127229
"202204","0236","01210","001",104,4153.13,6801.33,4153.89,6800.49,"Peprilus triacanthus (butterfish)","Llopiz Request - GB","Freeze for Llopiz at -80",127247
"202204","0236","01210","001",104,4153.13,6801.33,4153.89,6800.49,"Peprilus triacanthus (butterfish)","Llopiz Request - GB","Freeze for Llopiz at -80",127250
"202204","0239","01220","002",186,4208.94,6737.61,4209.88,6737.79,"Peprilus triacanthus (butterfish)","Llopiz Request - GB","Freeze for Llopiz at -80",129613
"202204","0225","01230","003",64,4121.6,6823.89,4122.59,6823.87,"Peprilus triacanthus (butterfish)","Llopiz Request - GB","Freeze for Llopiz at -80",119103
"202204","0225","01230","003",64,4121.6,6823.89,4122.59,6823.87,"Peprilus triacanthus (butterfish)","Llopiz Request - GB","Freeze for Llopiz at -80",119109
"202204","0225","01230","003",64,4121.6,6823.89,4122.59,6823.87,"Peprilus triacanthus (butterfish)","Llopiz Request - GB","Freeze for Llopiz at -80",119117
"202204","0226","01230","004",92,4121.77,6839.43,4122.38,6838.38,"Peprilus triacanthus (butterfish)","Llopiz Request - GB","Freeze for Llopiz at -80",120165
"202204","0226","01230","004",92,4121.77,6839.43,4122.38,6838.38,"Peprilus triacanthus (butterfish)","Llopiz Request - GB","Freeze for Llopiz at -80",120191
"202204","0226","01230","004",92,4121.77,6839.43,4122.38,6838.38,"Peprilus triacanthus (butterfish)","Llopiz Request - GB","Freeze for Llopiz at -80",120193
"202204","0229","01230","005",92,4116.19,6914.51,4115.34,6913.88,"Peprilus triacanthus (butterfish)","Llopiz Request - GB","Freeze for Llopiz at -80",121694
"202204","0229","01230","005",92,4116.19,6914.51,4115.34,6913.88,"Peprilus triacanthus (butterfish)","Llopiz Request - GB","Freeze for Llopiz at -80",121731
"202204","0229","01230","005",92,4116.19,6914.51,4115.34,6913.88,"Peprilus triacanthus (butterfish)","Llopiz Request - GB","Freeze for Llopiz at -80",121743
"202204","0230","01250","002",47,4113.24,6924.66,4114.17,6924.84,"Peprilus triacanthus (butterfish)","Llopiz Request - GB","Freeze for Llopiz at -80",122526
"202204","0230","01250","002",47,4113.24,6924.66,4114.17,6924.84,"Peprilus triacanthus (butterfish)","Llopiz Request - GB","Freeze for Llopiz at -80",122533
"202204","0230","01250","002",47,4113.24,6924.66,4114.17,6924.84,"Peprilus triacanthus (butterfish)","Llopiz Request - GB","Freeze for Llopiz at -80",122540
"202204","0230","01250","002",47,4113.24,6924.66,4114.17,6924.84,"Peprilus triacanthus (butterfish)","Llopiz Request - GB","Freeze for Llopiz at -80",122527
"202204","0230","01250","002",47,4113.24,6924.66,4114.17,6924.84,"Peprilus triacanthus (butterfish)","Llopiz Request - GB","Freeze for Llopiz at -80",122532
"202204","0230","01250","002",47,4113.24,6924.66,4114.17,6924.84,"Peprilus triacanthus (butterfish)","Llopiz Request - GB","Freeze for Llopiz at -80",122534
"202204","0214","01160","001",,,,,,"Peprilus triacanthus (butterfish)","Llopiz Request - GB","Freeze for Llopiz at -80",110591
"202204","0214","01160","001",,,,,,"Peprilus triacanthus (butterfish)","Llopiz Request - GB","Freeze for Llopiz at -80",110597
"202204","0214","01160","001",,,,,,"Peprilus triacanthus (butterfish)","Llopiz Request - GB","Freeze for Llopiz at -80",110599
"202204","0326","01100","009",75,4054.46,6857.55,4055.41,6857.28,"Peprilus triacanthus (butterfish)","Llopiz Request - SNE","Freeze for Llopiz at -80",189910
"202204","0199","01150","001",204,4018.77,6756.55,4018.92,6755.24,"Peprilus triacanthus (butterfish)","Llopiz Request - GB","Freeze for Llopiz at -80",104389
"202204","0199","01150","001",204,4018.77,6756.55,4018.92,6755.24,"Peprilus triacanthus (butterfish)","Llopiz Request - GB","Freeze for Llopiz at -80",104394
"202204","0199","01150","001",204,4018.77,6756.55,4018.92,6755.24,"Peprilus triacanthus (butterfish)","Llopiz Request - GB","Freeze for Llopiz at -80",104395
"202204","0238","01220","001",180,4201.52,6748.37,4202.49,6748.29,"Peprilus triacanthus (butterfish)","Llopiz Request - GB","Freeze for Llopiz at -80",128959
"202204","0238","01220","001",180,4201.52,6748.37,4202.49,6748.29,"Peprilus triacanthus (butterfish)","Llopiz Request - GB","Freeze for Llopiz at -80",128966
"202204","0238","01220","001",180,4201.52,6748.37,4202.49,6748.29,"Peprilus triacanthus (butterfish)","Llopiz Request - GB","Freeze for Llopiz at -80",128970
"202204","0238","01220","001",180,4201.52,6748.37,4202.49,6748.29,"Peprilus triacanthus (butterfish)","Llopiz Request - GB","Freeze for Llopiz at -80",128973
"202204","0329","01100","006",71,4041.37,6911.27,4042.33,6911.15,"Peprilus triacanthus (butterfish)","Llopiz Request - SNE","Freeze for Llopiz at -80",192601
"202204","0329","01100","006",71,4041.37,6911.27,4042.33,6911.15,"Peprilus triacanthus (butterfish)","Llopiz Request - SNE","Freeze for Llopiz at -80",192620
"202204","0329","01100","006",71,4041.37,6911.27,4042.33,6911.15,"Peprilus triacanthus (butterfish)","Llopiz Request - SNE","Freeze for Llopiz at -80",192621
"202204","0329","01100","006",71,4041.37,6911.27,4042.33,6911.15,"Peprilus triacanthus (butterfish)","Llopiz Request - SNE","Freeze for Llopiz at -80",192622
"202204","0329","01100","006",71,4041.37,6911.27,4042.33,6911.15,"Peprilus triacanthus (butterfish)","Llopiz Request - SNE","Freeze for Llopiz at -80",192623
"202204","0204","01150","003",248,4036.14,6703.02,4035.26,6703.61,"Peprilus triacanthus (butterfish)","Llopiz Request - GB","Freeze for Llopiz at -80",106428
"202204","0204","01150","003",248,4036.14,6703.02,4035.26,6703.61,"Peprilus triacanthus (butterfish)","Llopiz Request - GB","Freeze for Llopiz at -80",106470
"202204","0204","01150","003",248,4036.14,6703.02,4035.26,6703.61,"Peprilus triacanthus (butterfish)","Llopiz Request - GB","Freeze for Llopiz at -80",106475
"202204","0142","01050","005",38,4117.65,7111.96,4116.94,7112.95,"Peprilus triacanthus (butterfish)","Llopiz Request - SNE","Freeze for Llopiz at -80",63269
"202204","0142","01050","005",38,4117.65,7111.96,4116.94,7112.95,"Peprilus triacanthus (butterfish)","Llopiz Request - SNE","Freeze for Llopiz at -80",63288
"202204","0142","01050","005",38,4117.65,7111.96,4116.94,7112.95,"Peprilus triacanthus (butterfish)","Llopiz Request - SNE","Freeze for Llopiz at -80",63293
"202204","0142","01050","005",38,4117.65,7111.96,4116.94,7112.95,"Peprilus triacanthus (butterfish)","Llopiz Request - SNE","Freeze for Llopiz at -80",63294
"202204","0142","01050","005",38,4117.65,7111.96,4116.94,7112.95,"Peprilus triacanthus (butterfish)","Llopiz Request - SNE","Freeze for Llopiz at -80",63305
"202204","0142","01050","005",38,4117.65,7111.96,4116.94,7112.95,"Peprilus triacanthus (butterfish)","Llopiz Request - SNE","Freeze for Llopiz at -80",63950
"202204","0142","01050","005",38,4117.65,7111.96,4116.94,7112.95,"Peprilus triacanthus (butterfish)","Llopiz Request - SNE","Freeze for Llopiz at -80",63987
"202204","0142","01050","005",38,4117.65,7111.96,4116.94,7112.95,"Peprilus triacanthus (butterfish)","Llopiz Request - SNE","Freeze for Llopiz at -80",64011
"202204","0142","01050","005",38,4117.65,7111.96,4116.94,7112.95,"Peprilus triacanthus (butterfish)","Llopiz Request - SNE","Freeze for Llopiz at -80",64012
"202204","0142","01050","005",38,4117.65,7111.96,4116.94,7112.95,"Peprilus triacanthus (butterfish)","Llopiz Request - SNE","Freeze for Llopiz at -80",64015
"202204","0327","01100","002",68,4040.39,6857.8,4039.38,6857.74,"Peprilus triacanthus (butterfish)","Llopiz Request - SNE","Freeze for Llopiz at -80",190206
"202204","0253","01160","008",85,4150.21,6620.86,4151.23,6620.9,"Scomber scombrus (Atlantic mackerel)","Llopiz Request - GB","Freeze for Llopiz at -80",138057
"202204","0322","01230","001",68,4137.47,6937.48,4138.29,6938.24,"Scomber scombrus (Atlantic mackerel)","Llopiz Request - GB","Freeze for Llopiz at -80",186551
"202204","0253","01160","008",85,4150.21,6620.86,4151.23,6620.9,"Scomber scombrus (Atlantic mackerel)","Llopiz Request - GB","Freeze for Llopiz at -80",138061
"202204","0254","01160","009",86,4156.21,6621.49,4157.09,6620.99,"Scomber scombrus (Atlantic mackerel)","Llopiz Request - GB","Freeze for Llopiz at -80",138957
"202204","0254","01160","009",86,4156.21,6621.49,4157.09,6620.99,"Scomber scombrus (Atlantic mackerel)","Llopiz Request - GB","Freeze for Llopiz at -80",138961
"202204","0247","01160","010",67,4154.88,6646.15,4153.88,6646.04,"Scomber scombrus (Atlantic mackerel)","Llopiz Request - GB","Freeze for Llopiz at -80",134892
"202204","0220","01190","003",58,4052.6,6811.65,4053.57,6811.86,"Scomber scombrus (Atlantic mackerel)","Llopiz Request - GB","Freeze for Llopiz at -80",114997
"202204","0220","01190","003",58,4052.6,6811.65,4053.57,6811.86,"Scomber scombrus (Atlantic mackerel)","Llopiz Request - GB","Freeze for Llopiz at -80",115000
"202204","0242","01190","007",54,4155.36,6714.95,4154.43,6714.45,"Scomber scombrus (Atlantic mackerel)","Llopiz Request - GB","Freeze for Llopiz at -80",131614
"202204","0243","01200","005",56,4204.53,6705.1,4204.4,6706.37,"Scomber scombrus (Atlantic mackerel)","Llopiz Request - GB","Freeze for Llopiz at -80",132136
"202204","0243","01200","005",56,4204.53,6705.1,4204.4,6706.37,"Scomber scombrus (Atlantic mackerel)","Llopiz Request - GB","Freeze for Llopiz at -80",132140
"202204","0243","01200","005",56,4204.53,6705.1,4204.4,6706.37,"Scomber scombrus (Atlantic mackerel)","Llopiz Request - GB","Freeze for Llopiz at -80",132149
"202204","0241","01200","006",51,4205.16,6716.16,4204.25,6716.62,"Scomber scombrus (Atlantic mackerel)","Llopiz Request - GB","Freeze for Llopiz at -80",131014
"202204","0241","01200","006",51,4205.16,6716.16,4204.25,6716.62,"Scomber scombrus (Atlantic mackerel)","Llopiz Request - GB","Freeze for Llopiz at -80",131066
"202204","0241","01200","006",51,4205.16,6716.16,4204.25,6716.62,"Scomber scombrus (Atlantic mackerel)","Llopiz Request - GB","Freeze for Llopiz at -80",131067
"202204","0256","01210","004",96,4206.12,6609.28,4205.22,6609.83,"Scomber scombrus (Atlantic mackerel)","Llopiz Request - GB","Freeze for Llopiz at -80",140118
"202204","0244","01220","003",203,4212.83,6703.78,4213.02,6705.09,"Scomber scombrus (Atlantic mackerel)","Llopiz Request - GB","Freeze for Llopiz at -80",133092
"202204","0244","01220","003",203,4212.83,6703.78,4213.02,6705.09,"Scomber scombrus (Atlantic mackerel)","Llopiz Request - GB","Freeze for Llopiz at -80",133099
"202204","0325","01250","004",34,4123.02,6928.16,4123.34,6929.45,"Scomber scombrus (Atlantic mackerel)","Llopiz Request - GB","Freeze for Llopiz at -80",189348
"202204","0325","01250","004",34,4123.02,6928.16,4123.34,6929.45,"Scomber scombrus (Atlantic mackerel)","Llopiz Request - GB","Freeze for Llopiz at -80",189353
"202204","0325","01250","004",34,4123.02,6928.16,4123.34,6929.45,"Scomber scombrus (Atlantic mackerel)","Llopiz Request - GB","Freeze for Llopiz at -80",189355
"202204","0322","01230","001",68,4137.47,6937.48,4138.29,6938.24,"Scomber scombrus (Atlantic mackerel)","Llopiz Request - GB","Freeze for Llopiz at -80",186545
"202204","0322","01230","001",68,4137.47,6937.48,4138.29,6938.24,"Scomber scombrus (Atlantic mackerel)","Llopiz Request - GB","Freeze for Llopiz at -80",186550
"202204","0253","01160","008",85,4150.21,6620.86,4151.23,6620.9,"Scomber scombrus (Atlantic mackerel)","Llopiz Request - GB","Freeze for Llopiz at -80",138059
